{
  "environments": [
    {
      "name": "dev",
      "zones": [
        {
          "org": "KIC",
          "api": "api.cfhdcinternaltest.kroger.com",
          "space": "asn-5935-dev",
          "name": "cfhdcinternaltest.kroger.com",
          "userProvidedServices": [
            {
              "name": "asn-desp",
              "content": {
                "username": "SVCASNDESPD",
                "password": "zwxkymBkjWsqL",
                "groupId": "consumer-group-asn-dev",
                "schemaRegistryUrls": "http://u060rubym401.kroger.com:8081",
                "bootstrapServers": "u060rubyd401.kroger.com:9092,u060rubyd402.kroger.com:9092,u060rubyd403.kroger.com:9092"
              }
            },
            {
              "name": "asn-encryptionkey",
              "content": {
                "encryptedKey": "${ENC_KEY}"
              }
            },
            {
              "name": "asn-echo",
              "content": {
                "serverUrl": "echocollector-stage.kroger.com:443",
                "routingKey": "asn-dev"
              }
            },
            {
              "name": "asn-webmethods",
              "content": {
                "serverName": "webservices-test.b2b.kroger.com",
                "portNumber": "80",
                "systemEnvironmentCode": "test",
                "username": "SVCXDKUSR",
                "password": "RQTpot8J"
              }
            },
            {
              "name": "asn-datasource",
              "content": {
                "url": "jdbc:db2://u060dbsc41.kroger.com:50895/ecsdb",
                "driver-class-name": "com.ibm.db2.jcc.DB2Driver",
                "username": "xdkdusr",
                "password": "UN33imaf"
              }
            },
            {
              "name": "asn-email",
              "content": {
                "toEmail": "TransportationDevelopmentTeamDist@kroger.com",
                "ccEmail": "TransportationDevelopmentTeamDist@kroger.com"
              }
            }
          ]
        },
        {
          "org": "KIC",
          "api": "api.cfcdcinternaltest.kroger.com",
          "space": "asn-5935-dev",
          "name": "cfcdcinternaltest.kroger.com",
          "userProvidedServices": [
            {
              "name": "asn-desp",
              "content": {
                "username": "SVCASNDESPD",
                "password": "zwxkymBkjWsqL",
                "groupId": "consumer-group-asn-dev",
                "schemaRegistryUrls": "http://u060rubym401.kroger.com:8081",
                "bootstrapServers": "u060rubyd401.kroger.com:9092,u060rubyd402.kroger.com:9092,u060rubyd403.kroger.com:9092"
              }
            },
            {
              "name": "asn-encryptionkey",
              "content": {
                "encryptedKey": "${ENC_KEY}"
              }
            },
            {
              "name": "asn-echo",
              "content": {
                "serverUrl": "echocollector-stage.kroger.com:443",
                "routingKey": "asn-dev"
              }
            },
            {
              "name": "asn-webmethods",
              "content": {
                "serverName": "webservices-test.b2b.kroger.com",
                "portNumber": "80",
                "systemEnvironmentCode": "test",
                "username": "SVCXDKUSR",
                "password": "RQTpot8J"
              }
            },
            {
              "name": "asn-datasource",
              "content": {
                "url": "jdbc:db2://u060dbsc41.kroger.com:50895/ecsdb",
                "driver-class-name": "com.ibm.db2.jcc.DB2Driver",
                "username": "xdkdusr",
                "password": "UN33imaf"
              }
            },
            {
              "name": "asn-email",
              "content": {
                "toEmail": "TransportationDevelopmentTeamDist@kroger.com",
                "ccEmail": "TransportationDevelopmentTeamDist@kroger.com"
              }
            }
          ]
        }
      ]
    },
    {
      "name": "test",
      "zones": [
        {
          "org": "KIC",
          "api": "api.cfhdcinternaltest.kroger.com",
          "space": "asn-5935-test",
          "name": "cfhdcinternaltest.kroger.com",
          "userProvidedServices": [
            {
              "name": "asn-encryptionkey",
              "content": {
                "encryptedKey": "${ENC_KEY}"
              }
            },
            {
              "name": "asn-echo",
              "content": {
                "serverUrl": "echocollector-stage.kroger.com:443",
                "routingKey": "asn-test"
              }
            },
            {
              "name": "asn-desp",
              "content": {
                "username": "SVCASNDESPT",
                "password": "3m1ofqreHvxFfQ5cWP",
                "schemaRegistryUrls": "http://u060rubym401.kroger.com:8081",
                "bootstrapServers": "u060rubyd401.kroger.com:9092,u060rubyd402.kroger.com:9092,u060rubyd403.kroger.com:9092",
                "groupId": "consumer-group-asn-test"
              }
            },
            {
              "name": "asn-auth",
              "content": {
                "clientId": "5935-asn-test",
                "clientSecret": "${CLIENT_SECRET}",
                "defaultTargetUri": "https://asntest.cfcdcinternaltest.kroger.com",
                "identityServerUri": "https://identity.kroger.com"
              }
            },
            {
              "name": "asn-webmethods",
              "content": {
                "serverName": "webservices-test.b2b.kroger.com",
                "portNumber": "80",
                "systemEnvironmentCode": "test",
                "username": "SVCXDKUSR",
                "password": "RQTpot8J"
              }
            },
            {
              "name": "asn-datasource",
              "content": {
                "url": "jdbc:db2://u060dbsc41.kroger.com:50890/ecsdb",
                "driver-class-name": "com.ibm.db2.jcc.DB2Driver",
                "username": "svcasnt",
                "password": "CmziXYz0"
              }
            },
            {
              "name": "asn-email",
              "content": {
                "toEmail": "TransportationDevelopmentTeamDist@kroger.com",
                "ccEmail": "TransportationDevelopmentTeamDist@kroger.com"
              }
            }
          ]
        },
        {
          "org": "KIC",
          "api": "api.cfcdcinternaltest.kroger.com",
          "space": "asn-5935-test",
          "name": "cfcdcinternaltest.kroger.com",
          "userProvidedServices": [
            {
              "name": "asn-encryptionkey",
              "content": {
                "encryptedKey": "${ENC_KEY}"
              }
            },
            {
              "name": "asn-echo",
              "content": {
                "serverUrl": "echocollector-stage.kroger.com:443",
                "routingKey": "asn-test"
              }
            },
            {
              "name": "asn-desp",
              "content": {
                "username": "SVCASNDESPT",
                "password": "3m1ofqreHvxFfQ5cWP",
                "schemaRegistryUrls": "http://u060rubym401.kroger.com:8081",
                "bootstrapServers": "u060rubyd401.kroger.com:9092,u060rubyd402.kroger.com:9092,u060rubyd403.kroger.com:9092",
                "groupId": "consumer-group-asn-test"
              }
            },
            {
              "name": "asn-auth",
              "content": {
                "clientId": "5935-asn-test",
                "clientSecret": "${CLIENT_SECRET}",
                "defaultTargetUri": "https://asntest.cfcdcinternaltest.kroger.com",
                "identityServerUri": "https://identity.kroger.com"
              }
            },
            {
              "name": "asn-webmethods",
              "content": {
                "serverName": "webservices-test.b2b.kroger.com",
                "portNumber": "80",
                "systemEnvironmentCode": "test",
                "username": "SVCXDKUSR",
                "password": "RQTpot8J"
              }
            },
            {
              "name": "asn-datasource",
              "content": {
                "url": "jdbc:db2://u060dbsc41.kroger.com:50890/ecsdb",
                "driver-class-name": "com.ibm.db2.jcc.DB2Driver",
                "username": "svcasnt",
                "password": "CmziXYz0"
              }
            },
            {
              "name": "asn-email",
              "content": {
                "toEmail": "TransportationDevelopmentTeamDist@kroger.com",
                "ccEmail": "TransportationDevelopmentTeamDist@kroger.com"
              }
            }
          ]
        }
      ]
    },
    {
      "name": "stage",
      "zones": [
        {
          "org": "KIC",
          "api": "api.cfhdcinternaltest.kroger.com",
          "space": "asn-5935-stage",
          "name": "cfhdcinternaltest.kroger.com",
          "userProvidedServices": [
            {
              "name": "asn-encryptionkey",
              "content": {
                "encryptedKey": "${ENC_KEY}"
              }
            },
            {
              "name": "asn-echo",
              "content": {
                "serverUrl": "echocollector-stage.kroger.com:443",
                "routingKey": "asn-stage"
              }
            },
            {
              "name": "asn-desp",
              "content": {
                "username": "SVCASNDESPS",
                "password": "8jD5VvSMa",
                "schemaRegistryUrls": "http://u060jadem202.kroger.com:8081",
                "bootstrapServers": "u060jaded202.kroger.com:9092,u060jaded204.kroger.com:9092,u060jaded206.kroger.com:9092,u060jaded208.kroger.com:9092,u060jaded210.kroger.com:9092",
                "groupId": "consumer-group-asn-stage"
              }
            },
            {
              "name": "asn-auth",
              "content": {
                "clientId": "5935-asn-stage",
                "clientSecret": "${CLIENT_SECRET}",
                "defaultTargetUri": "https://asnstage.cfcdcinternaltest.kroger.com",
                "identityServerUri": "https://identity.kroger.com"
              }
            },
            {
              "name": "asn-webmethods",
              "content": {
                "serverName": "webservices-test.b2b.kroger.com",
                "portNumber": "80",
                "systemEnvironmentCode": "test",
                "username": "SVCXDKUSR",
                "password": "RQTpot8J"
              }
            },
            {
              "name": "asn-datasource",
              "content": {
                "url": "jdbc:db2://u060dbsc21.kroger.com:50890/ecsdb",
                "driver-class-name": "com.ibm.db2.jcc.DB2Driver",
                "username": "svcasns",
                "password": "fgzojlz6"
              }
            },
            {
              "name": "asn-email",
              "content": {
                "toEmail": "TransportationDevelopmentTeamDist@kroger.com",
                "ccEmail": "TransportationDevelopmentTeamDist@kroger.com"
              }
            }
          ]
        },
        {
          "org": "KIC",
          "api": "api.cfcdcinternaltest.kroger.com",
          "space": "asn-5935-stage",
          "name": "cfcdcinternaltest.kroger.com",
          "userProvidedServices": [
            {
              "name": "asn-encryptionkey",
              "content": {
                "encryptedKey": "${ENC_KEY}"
              }
            },
            {
              "name": "asn-echo",
              "content": {
                "serverUrl": "echocollector-stage.kroger.com:443",
                "routingKey": "asn-stage"
              }
            },
            {
              "name": "asn-desp",
              "content": {
                "username": "SVCASNDESPS",
                "password": "8jD5VvSMa",
                "schemaRegistryUrls": "http://u060jadem201.kroger.com:8081",
                "bootstrapServers": "u060jaded201.kroger.com:9092,u060jaded203.kroger.com:9092,u060jaded205.kroger.com:9092,u060jaded207.kroger.com:9092,u060jaded209.kroger.com:9092",
                "groupId": "consumer-group-asn-stage"
              }
            },
            {
              "name": "asn-auth",
              "content": {
                "clientId": "5935-asn-stage",
                "clientSecret": "${CLIENT_SECRET}",
                "defaultTargetUri": "https://asnstage.cfcdcinternaltest.kroger.com",
                "identityServerUri": "https://identity.kroger.com"
              }
            },
            {
              "name": "asn-webmethods",
              "content": {
                "serverName": "webservices-test.b2b.kroger.com",
                "portNumber": "80",
                "systemEnvironmentCode": "test",
                "username": "SVCXDKUSR",
                "password": "RQTpot8J"
              }
            },
            {
              "name": "asn-datasource",
              "content": {
                "url": "jdbc:db2://u060dbsc21.kroger.com:50890/ecsdb",
                "driver-class-name": "com.ibm.db2.jcc.DB2Driver",
                "username": "svcasns",
                "password": "fgzojlz6"
              }
            },
            {
              "name": "asn-email",
              "content": {
                "toEmail": "TransportationDevelopmentTeamDist@kroger.com",
                "ccEmail": "TransportationDevelopmentTeamDist@kroger.com"
              }
            }
          ]
        }
      ]
    },
    {
      "name": "prod",
      "zones": [
        {
          "org": "KIC",
          "api": "api.cfhdcinternal.kroger.com",
          "space": "asn-5935-prod",
          "name": "cfhdcinternal.kroger.com",
          "userProvidedServices": [
            {
              "name": "asn-encryptionkey",
              "content": {
                "encryptedKey": "${ENC_KEY}"
              }
            },
            {
              "name": "asn-echo",
              "content": {
                "serverUrl": "echocollector.kroger.com:443",
                "routingKey": "asn-prod"
              }
            },
            {
              "name": "asn-desp",
              "content": {
                "username": "SVCASNDESPP",
                "password": "qXoxd6sFDhYDUFBdfrI8XZ70yGzf",
                "schemaRegistryUrls": "http://u060jadem102.kroger.com:8081",
                "bootstrapServers": "u060jaded102.kroger.com:9092,u060jaded104.kroger.com:9092,u060jaded106.kroger.com:9092,u060jaded108.kroger.com:9092,u060jaded110.kroger.com:9092",
                "groupId": "consumer-group-asn-prod"
              }
            },
            {
              "name": "asn-auth",
              "content": {
                "clientId": "5935-asn-prod",
                "clientSecret": "${CLIENT_SECRET}",
                "defaultTargetUri": "https://asn.kroger.com",
                "identityServerUri": "https://identity.kroger.com"
              }
            },
            {
              "name": "asn-webmethods",
              "content": {
                "serverName": "webservices.b2b.kroger.com",
                "portNumber": "80",
                "systemEnvironmentCode": "prod",
                "username": "SVCXDKUSR",
                "password": "sb5g2d4p"
              }
            },
            {
              "name": "asn-datasource",
              "content": {
                "url": "jdbc:db2://u060dbsc11.kroger.com:50890/ecsdb",
                "driver-class-name": "com.ibm.db2.jcc.DB2Driver",
                "username": "svcasnp",
                "password": "pRzH7mDV"
              }
            },
            {
              "name": "asn-email",
              "content": {
                "toEmail": "CORPNashvilleRouting@kroger.com, drake.eugenio@kroger.com, terry.reagan@kroger.com, jeffery.howland@kroger.com, paul.a.offill@kroger.com, robert.carolus@kroger.com",
                "ccEmail": "TransportationDevelopmentTeamDist@kroger.com"
              }
            }
          ]
        },
        {
          "org": "KIC",
          "api": "api.cfcdcinternal.kroger.com",
          "space": "asn-5935-prod",
          "name": "cfcdcinternal.kroger.com",
          "userProvidedServices": [
            {
              "name": "asn-encryptionkey",
              "content": {
                "encryptedKey": "${ENC_KEY}"
              }
            },
            {
              "name": "asn-echo",
              "content": {
                "serverUrl": "echocollector.kroger.com:443",
                "routingKey": "asn-prod"
              }
            },
            {
              "name": "asn-desp",
              "content": {
                "username": "SVCASNDESPP",
                "password": "qXoxd6sFDhYDUFBdfrI8XZ70yGzf",
                "schemaRegistryUrls": "http://u060jadem101.kroger.com:8081",
                "bootstrapServers": "u060jaded101.kroger.com:9092,u060jaded103.kroger.com:9092,u060jaded105.kroger.com:9092,u060jaded107.kroger.com:9092,u060jaded109.kroger.com:9092",
                "groupId": "consumer-group-asn-prod"
              }
            },
            {
              "name": "asn-auth",
              "content": {
                "clientId": "5935-asn-prod",
                "clientSecret": "${CLIENT_SECRET}",
                "defaultTargetUri": "https://asn.kroger.com",
                "identityServerUri": "https://identity.kroger.com"
              }
            },
            {
              "name": "asn-webmethods",
              "content": {
                "serverName": "webservices.b2b.kroger.com",
                "portNumber": "80",
                "systemEnvironmentCode": "prod",
                "username": "SVCXDKUSR",
                "password": "sb5g2d4p"
              }
            },
            {
              "name": "asn-datasource",
              "content": {
                "url": "jdbc:db2://u060dbsc11.kroger.com:50890/ecsdb",
                "driver-class-name": "com.ibm.db2.jcc.DB2Driver",
                "username": "svcasnp",
                "password": "pRzH7mDV"
              }
            },
            {
              "name": "asn-email",
              "content": {
                "toEmail": "CORPNashvilleRouting@kroger.com, drake.eugenio@kroger.com, terry.reagan@kroger.com, jeffery.howland@kroger.com, paul.a.offill@kroger.com, robert.carolus@kroger.com",
                "ccEmail": "TransportationDevelopmentTeamDist@kroger.com"
              }
            }
          ]
        }
      ]
    }
  ]
}