<?xml version="1.0" encoding="UTF-8"?>
<configuration>
    <!-- <include resource="org/springframework/boot/logging/logback/base.xml" /> -->

    <appender name="STDOUT" class="ch.qos.logback.core.ConsoleAppender">
        <encoder>
            <pattern>%-4relative [%thread] %-5level %logger{35} - %msg %n
            </pattern>
        </encoder>
    </appender>

    <springProfile name="local,cloud">
        <springProperty name="echoServerUrl" source="kroger.echo.serverUrl" defaultValue="echocollector.kroger.com:443"/>
        <springProperty name="echoRoutingKey" source="kroger.echo.routingKey"/>

        <appender name="ECHO" class="com.kroger.dcp.echoclient.logback.EchoLogbackAppender">
            <serverUrl>${echoServerUrl}</serverUrl>
            <routingKey>${echoRoutingKey}</routingKey>
            <transport>HTTP_JSON</transport>
        </appender>

        <logger name="com.kroger.storesys.apps" level="INFO">
            <appender-ref ref="ECHO" />
        </logger>

        <root level="INFO">
            <appender-ref ref="STDOUT"/>
        </root>

        <root level="ERROR">
            <appender-ref ref="STDOUT"/>
            <appender-ref ref="ECHO" />
        </root>
    </springProfile>

</configuration>