<?xml version="1.0" encoding="UTF-8"?>
<configuration>
    <include resource="org/springframework/boot/logging/logback/defaults.xml"/>
    <include resource="org/springframework/boot/logging/logback/console-appender.xml"/>
    <!--Enable this if you want to have searchable logs in Echo Kibana
        while running the project locally-->

<!--    <springProfile name="local">-->
<!--    <springProperty name="echoServerUrl" source="kroger.echo.serverUrl" />-->
<!--                <springProperty name="echoRoutingKey" source="kroger.echo.routingKey" />-->
<!--                <appender name="ECHO" class="com.kroger.dcp.echoclient.logback.EchoLogbackAppender">-->
<!--                    <serverUrl>echocollector-stage.kroger.com:443</serverUrl>-->
<!--                    <routingKey>asn-local</routingKey>-->
<!--                </appender>-->
<!--                <root level="INFO">-->
<!--                    <appender-ref ref="ECHO"/>-->
<!--                </root>-->
<!--            </springProfile>-->

    <springProfile name="dev">
        <springProperty name="echoServerUrl" source="kroger.echo.serverUrl"/>
        <springProperty name="echoRoutingKey" source="kroger.echo.routingKey"/>
        <appender name="ECHO" class="com.kroger.dcp.echoclient.logback.EchoLogbackAppender">
            <serverUrl>echocollector-stage.kroger.com:443</serverUrl>
            <routingKey>asn-dev</routingKey>
        </appender>
    </springProfile>

    <springProfile name="test">
        <springProperty name="echoServerUrl" source="kroger.echo.serverUrl"/>
        <springProperty name="echoRoutingKey" source="kroger.echo.routingKey"/>
        <appender name="ECHO" class="com.kroger.dcp.echoclient.logback.EchoLogbackAppender">
            <serverUrl>echocollector-stage.kroger.com:443</serverUrl>
            <routingKey>asn-test</routingKey>
        </appender>
    </springProfile>

    <springProfile name="stage">
        <springProperty name="echoServerUrl" source="kroger.echo.serverUrl"/>
        <springProperty name="echoRoutingKey" source="kroger.echo.routingKey"/>
        <appender name="ECHO" class="com.kroger.dcp.echoclient.logback.EchoLogbackAppender">
            <serverUrl>echocollector-stage.kroger.com:443</serverUrl>
            <routingKey>asn-stage</routingKey>
        </appender>
    </springProfile>

    <springProfile name="prod">
        <springProperty name="echoServerUrl" source="kroger.echo.serverUrl"/>
        <springProperty name="echoRoutingKey" source="kroger.echo.routingKey"/>
        <appender name="ECHO" class="com.kroger.dcp.echoclient.logback.EchoLogbackAppender">
            <serverUrl>echocollector.kroger.com:443</serverUrl>
            <routingKey>asn-prod</routingKey>
        </appender>
    </springProfile>


    <!-- Configures the root logger level-->
    <root level="INFO">
        <appender-ref ref="CONSOLE"/>
        <!--Enable Echo Logging for the following profiles-->
        <springProfile name="dev,test,stage,prod">
            <appender-ref ref="ECHO"/>
        </springProfile>
    </root>

</configuration>